YEAR,COUNTY,FREQUENCY
1995,Adams,123
1995,Alexander,≤50
1995,Bond,≤50
1995,Boone,119
1995,Brown,≤50
1995,Bureau,57
1995,Calhoun,≤50
1995,Carroll,≤50
1995,Cass,≤50
1995,Champaign,424
1995,Christian,≤50
1995,Clark,≤50
1995,Clay,≤50
1995,Clinton,≤50
1995,Coles,92
1995,Cook,31162
1995,Crawford,≤50
1995,Cumberland,≤50
1995,DeKalb,209
1995,Dewitt,≤50
1995,Douglas,≤50
1995,DuPage,3242
1995,Edgar,≤50
1995,Edwards,≤50
1995,Effingham,≤50
1995,Fayette,≤50
1995,Ford,≤50
1995,Franklin,63
1995,Fulton,78
1995,Gallatin,≤50
1995,Greene,≤50
1995,Grundy,≤50
1995,Hamilton,≤50
1995,Hancock,≤50
1995,Hardin,≤50
1995,Henderson,≤50
1995,Henry,76
1995,Iroquois,≤50
1995,Jackson,162
1995,Jasper,≤50
1995,Jefferson,88
1995,Jersey,≤50
1995,Jo Daviess,≤50
1995,Johnson,≤50
1995,Kane,480
1995,Kankakee,110
1995,Kendall,52
1995,Knox,130
1995,Lake,913
1995,LaSalle,200
1995,Lawrence,≤50
1995,Lee,≤50
1995,Livingston,59
1995,Logan,≤50
1995,McDonough,103
1995,McHenry,404
1995,McLean,440
1995,Macon,230
1995,Macoupin,63
1995,Madison,787
1995,Marion,81
1995,Marshall,≤50
1995,Mason,≤50
1995,Massac,≤50
1995,Menard,≤50
1995,Mercer,≤50
1995,Monroe,≤50
1995,Montgomery,≤50
1995,Morgan,69
1995,Moultrie,≤50
1995,Ogle,88
1995,Peoria,676
1995,Perry,≤50
1995,Piatt,≤50
1995,Pike,≤50
1995,Pope,≤50
1995,Pulaski,≤50
1995,Putnam,≤50
1995,Randolph,≤50
1995,Richland,≤50
1995,Rock Island,116
1995,St. Clair,1049
1995,Saline,≤50
1995,Sangamon,426
1995,Schuyler,≤50
1995,Scott,≤50
1995,Shelby,≤50
1995,Stark,≤50
1995,Stephenson,53
1995,Tazewell,279
1995,Union,≤50
1995,Vermilion,152
1995,Wabash,≤50
1995,Warren,≤50
1995,Washington,≤50
1995,Wayne,≤50
1995,White,≤50
1995,Whiteside,80
1995,Will,568
1995,Williamson,72
1995,Winnebago,769
1995,Woodford,≤50
1996,Adams,98
1996,Alexander,≤50
1996,Bond,≤50
1996,Boone,91
1996,Brown,≤50
1996,Bureau,66
1996,Calhoun,≤50
1996,Carroll,≤50
1996,Cass,≤50
1996,Champaign,660
1996,Christian,≤50
1996,Clark,≤50
1996,Clay,≤50
1996,Clinton,57
1996,Coles,117
1996,Cook,32882
1996,Crawford,≤50
1996,Cumberland,≤50
1996,DeKalb,220
1996,Dewitt,≤50
1996,Douglas,≤50
1996,DuPage,2074
1996,Edgar,≤50
1996,Edwards,≤50
1996,Effingham,≤50
1996,Fayette,≤50
1996,Ford,≤50
1996,Franklin,56
1996,Fulton,63
1996,Gallatin,≤50
1996,Greene,≤50
1996,Grundy,72
1996,Hamilton,≤50
1996,Hancock,≤50
1996,Hardin,≤50
1996,Henderson,≤50
1996,Henry,71
1996,Iroquois,≤50
1996,Jackson,181
1996,Jasper,≤50
1996,Jefferson,68
1996,Jersey,≤50
1996,Jo Daviess,≤50
1996,Johnson,≤50
1996,Kane,712
1996,Kankakee,196
1996,Kendall,≤50
1996,Knox,146
1996,Lake,1022
1996,LaSalle,245
1996,Lawrence,≤50
1996,Lee,58
1996,Livingston,58
1996,Logan,53
1996,McDonough,106
1996,McHenry,442
1996,McLean,487
1996,Macon,294
1996,Macoupin,≤50
1996,Madison,761
1996,Marion,74
1996,Marshall,≤50
1996,Mason,≤50
1996,Massac,≤50
1996,Menard,≤50
1996,Mercer,≤50
1996,Monroe,≤50
1996,Montgomery,≤50
1996,Morgan,85
1996,Moultrie,≤50
1996,Ogle,93
1996,Peoria,764
1996,Perry,≤50
1996,Piatt,≤50
1996,Pike,≤50
1996,Pope,≤50
1996,Pulaski,≤50
1996,Putnam,≤50
1996,Randolph,≤50
1996,Richland,≤50
1996,Rock Island,90
1996,St. Clair,1013
1996,Saline,≤50
1996,Sangamon,476
1996,Schuyler,≤50
1996,Scott,≤50
1996,Shelby,≤50
1996,Stark,≤50
1996,Stephenson,62
1996,Tazewell,304
1996,Union,≤50
1996,Vermilion,211
1996,Wabash,≤50
1996,Warren,≤50
1996,Washington,≤50
1996,Wayne,≤50
1996,White,≤50
1996,Whiteside,90
1996,Will,710
1996,Williamson,91
1996,Winnebago,815
1996,Woodford,≤50
1997,Adams,112
1997,Alexander,≤50
1997,Bond,≤50
1997,Boone,93
1997,Brown,≤50
1997,Bureau,60
1997,Calhoun,≤50
1997,Carroll,≤50
1997,Cass,≤50
1997,Champaign,533
1997,Christian,≤50
1997,Clark,≤50
1997,Clay,≤50
1997,Clinton,59
1997,Coles,132
1997,Cook,30913
1997,Crawford,≤50
1997,Cumberland,≤50
1997,DeKalb,170
1997,DeWitt,≤50
1997,Douglas,≤50
1997,DuPage,1217
1997,Edgar,≤50
1997,Edwards,≤50
1997,Effingham,≤50
1997,Fayette,≤50
1997,Ford,≤50
1997,Franklin,55
1997,Fulton,72
1997,Gallatin,≤50
1997,Greene,≤50
1997,Grundy,72
1997,Hamilton,≤50
1997,Hancock,≤50
1997,Hardin,≤50
1997,Henderson,≤50
1997,Henry,54
1997,Iroquois,≤50
1997,Jackson,220
1997,Jasper,≤50
1997,Jefferson,69
1997,Jersey,≤50
1997,Jo Daviess,≤50
1997,Johnson,≤50
1997,Kane,432
1997,Kankakee,148
1997,Kendall,≤50
1997,Knox,121
1997,Lake,932
1997,LaSalle,212
1997,Lawrence,≤50
1997,Lee,52
1997,Livingston,≤50
1997,Logan,58
1997,McDonough,89
1997,McHenry,390
1997,McLean,429
1997,Macon,255
1997,Macoupin,71
1997,Madison,772
1997,Marion,85
1997,Marshall,≤50
1997,Mason,≤50
1997,Massac,≤50
1997,Menard,≤50
1997,Mercer,≤50
1997,Monroe,≤50
1997,Montgomery,≤50
1997,Morgan,58
1997,Moultrie,≤50
1997,Ogle,69
1997,Peoria,702
1997,Perry,≤50
1997,Piatt,≤50
1997,Pike,≤50
1997,Pope,≤50
1997,Pulaski,≤50
1997,Putnam,≤50
1997,Randolph,≤50
1997,Richland,≤50
1997,Rock Island,102
1997,St. Clair,1099
1997,Saline,≤50
1997,Sangamon,471
1997,Schuyler,≤50
1997,Scott,≤50
1997,Shelby,≤50
1997,Stark,≤50
1997,Stephenson,77
1997,Tazewell,286
1997,Union,≤50
1997,Vermilion,170
1997,Wabash,≤50
1997,Warren,≤50
1997,Washington,≤50
1997,Wayne,≤50
1997,White,≤50
1997,Whiteside,92
1997,Will,727
1997,Williamson,112
1997,Winnebago,852
1997,Woodford,≤50
1998,Adams,115
1998,Alexander,51
1998,Bond,≤50
1998,Boone,81
1998,Brown,≤50
1998,Bureau,61
1998,Calhoun,≤50
1998,Carroll,≤50
1998,Cass,≤50
1998,Champaign,537
1998,Christian,≤50
1998,Clark,≤50
1998,Clay,≤50
1998,Clinton,69
1998,Coles,125
1998,Cook,30271
1998,Crawford,≤50
1998,Cumberland,≤50
1998,DeKalb,192
1998,DeWitt,≤50
1998,Douglas,≤50
1998,DuPage,1311
1998,Edgar,≤50
1998,Edwards,≤50
1998,Effingham,≤50
1998,Fayette,≤50
1998,Ford,≤50
1998,Franklin,58
1998,Fulton,53
1998,Gallatin,≤50
1998,Greene,≤50
1998,Grundy,≤50
1998,Hamilton,≤50
1998,Hancock,≤50
1998,Hardin,≤50
1998,Henderson,≤50
1998,Henry,63
1998,Iroquois,≤50
1998,Jackson,183
1998,Jasper,≤50
1998,Jefferson,83
1998,Jersey,≤50
1998,Jo Daviess,≤50
1998,Johnson,≤50
1998,Kane,396
1998,Kankakee,141
1998,Kendall,≤50
1998,Knox,116
1998,Lake,925
1998,LaSalle,206
1998,Lawrence,≤50
1998,Lee,≤50
1998,Livingston,60
1998,Logan,≤50
1998,McDonough,76
1998,McHenry,430
1998,McLean,385
1998,Macon,261
1998,Macoupin,64
1998,Madison,740
1998,Marion,102
1998,Marshall,≤50
1998,Mason,≤50
1998,Massac,≤50
1998,Menard,≤50
1998,Mercer,≤50
1998,Monroe,≤50
1998,Montgomery,≤50
1998,Morgan,73
1998,Moultrie,≤50
1998,Ogle,95
1998,Peoria,644
1998,Perry,≤50
1998,Piatt,≤50
1998,Pike,≤50
1998,Pope,≤50
1998,Pulaski,≤50
1998,Putnam,≤50
1998,Randolph,≤50
1998,Richland,≤50
1998,Rock Island,120
1998,St. Clair,1057
1998,Saline,≤50
1998,Sangamon,449
1998,Schuyler,≤50
1998,Scott,≤50
1998,Shelby,≤50
1998,Stark,≤50
1998,Stephenson,89
1998,Tazewell,243
1998,Union,≤50
1998,Vermilion,181
1998,Wabash,≤50
1998,Warren,≤50
1998,Washington,≤50
1998,Wayne,≤50
1998,White,≤50
1998,Whiteside,92
1998,Will,429
1998,Williamson,97
1998,Winnebago,782
1998,Woodford,≤50
1999,Adams,81
1999,Alexander,≤50
1999,Bond,≤50
1999,Boone,91
1999,Brown,≤50
1999,Bureau,≤50
1999,Calhoun,≤50
1999,Carroll,≤50
1999,Cass,≤50
1999,Champaign,534
1999,Christian,≤50
1999,Clark,≤50
1999,Clay,≤50
1999,Clinton,≤50
1999,Coles,114
1999,Cook,26685
1999,Crawford,≤50
1999,Cumberland,≤50
1999,DeKalb,190
1999,DeWitt,≤50
1999,Douglas,≤50
1999,DuPage,1434
1999,Edgar,≤50
1999,Edwards,≤50
1999,Effingham,≤50
1999,Fayette,≤50
1999,Ford,≤50
1999,Franklin,84
1999,Fulton,≤50
1999,Gallatin,≤50
1999,Greene,≤50
1999,Grundy,≤50
1999,Hamilton,≤50
1999,Hancock,≤50
1999,Hardin,≤50
1999,Henderson,≤50
1999,Henry,≤50
1999,Iroquois,≤50
1999,Jackson,156
1999,Jasper,≤50
1999,Jefferson,≤50
1999,Jersey,≤50
1999,Jo Daviess,≤50
1999,Johnson,≤50
1999,Kane,549
1999,Kankakee,156
1999,Kendall,≤50
1999,Knox,72
1999,Lake,1167
1999,LaSalle,149
1999,Lawrence,≤50
1999,Lee,59
1999,Livingston,≤50
1999,Logan,≤50
1999,McDonough,78
1999,McHenry,560
1999,McLean,330
1999,Macon,221
1999,Macoupin,≤50
1999,Madison,731
1999,Marion,≤50
1999,Marshall,≤50
1999,Mason,≤50
1999,Massac,≤50
1999,Menard,≤50
1999,Mercer,≤50
1999,Monroe,≤50
1999,Montgomery,≤50
1999,Morgan,≤50
1999,Moultrie,≤50
1999,Ogle,80
1999,Peoria,494
1999,Perry,≤50
1999,Piatt,≤50
1999,Pike,≤50
1999,Pope,≤50
1999,Pulaski,≤50
1999,Putnam,≤50
1999,Randolph,≤50
1999,Richland,≤50
1999,Rock Island,78
1999,St. Clair,965
1999,Saline,≤50
1999,Sangamon,382
1999,Schuyler,≤50
1999,Scott,≤50
1999,Shelby,≤50
1999,Stark,≤50
1999,Stephenson,77
1999,Tazewell,210
1999,Union,≤50
1999,Vermilion,150
1999,Wabash,≤50
1999,Warren,≤50
1999,Washington,≤50
1999,Wayne,≤50
1999,White,≤50
1999,Whiteside,85
1999,Will,500
1999,Williamson,≤50
1999,Winnebago,735
1999,Woodford,≤50
2000,Adams,59
2000,Alexander,≤50
2000,Bond,≤50
2000,Boone,93
2000,Brown,≤50
2000,Bureau,≤50
2000,Calhoun,≤50
2000,Carroll,≤50
2000,Cass,≤50
2000,Champaign,568
2000,Christian,≤50
2000,Clark,≤50
2000,Clay,≤50
2000,Clinton,≤50
2000,Coles,99
2000,Cook,25472
2000,Crawford,≤50
2000,Cumberland,≤50
2000,DeKalb,153
2000,DeWitt,≤50
2000,Douglas,≤50
2000,DuPage,1808
2000,Edgar,≤50
2000,Edwards,≤50
2000,Effingham,≤50
2000,Fayette,≤50
2000,Ford,≤50
2000,Franklin,52
2000,Fulton,≤50
2000,Gallatin,≤50
2000,Greene,≤50
2000,Grundy,≤50
2000,Hamilton,≤50
2000,Hancock,≤50
2000,Hardin,≤50
2000,Henderson,≤50
2000,Henry,52
2000,Iroquois,≤50
2000,Jackson,122
2000,Jasper,≤50
2000,Jefferson,≤50
2000,Jersey,≤50
2000,Jo Daviess,≤50
2000,Johnson,≤50
2000,Kane,541
2000,Kankakee,119
2000,Kendall,≤50
2000,Knox,109
2000,Lake,1359
2000,LaSalle,156
2000,Lawrence,≤50
2000,Lee,≤50
2000,Livingston,≤50
2000,Logan,≤50
2000,McDonough,78
2000,McHenry,548
2000,McLean,370
2000,Macon,180
2000,Macoupin,≤50
2000,Madison,561
2000,Marion,≤50
2000,Marshall,≤50
2000,Mason,≤50
2000,Massac,≤50
2000,Menard,≤50
2000,Mercer,≤50
2000,Monroe,≤50
2000,Montgomery,≤50
2000,Morgan,≤50
2000,Moultrie,≤50
2000,Ogle,92
2000,Peoria,548
2000,Perry,≤50
2000,Piatt,≤50
2000,Pike,≤50
2000,Pope,≤50
2000,Pulaski,≤50
2000,Putnam,≤50
2000,Randolph,≤50
2000,Richland,≤50
2000,Rock Island,58
2000,St. Clair,757
2000,Saline,≤50
2000,Sangamon,337
2000,Schuyler,≤50
2000,Scott,≤50
2000,Shelby,≤50
2000,Stark,≤50
2000,Stephenson,79
2000,Tazewell,228
2000,Union,≤50
2000,Vermilion,156
2000,Wabash,≤50
2000,Warren,≤50
2000,Washington,≤50
2000,Wayne,≤50
2000,White,≤50
2000,Whiteside,55
2000,Will,549
2000,Williamson,≤50
2000,Winnebago,798
2000,Woodford,≤50
2001,Adams,≤50
2001,Alexander,≤50
2001,Bond,≤50
2001,Boone,68
2001,Brown,≤50
2001,Bureau,≤50
2001,Calhoun,≤50
2001,Carroll,≤50
2001,Cass,≤50
2001,Champaign,521
2001,Christian,≤50
2001,Clark,≤50
2001,Clay,≤50
2001,Clinton,≤50
2001,Coles,102
2001,Cook,24714
2001,Crawford,≤50
2001,Cumberland,≤50
2001,DeKalb,184
2001,DeWitt,≤50
2001,Douglas,≤50
2001,DuPage,2156
2001,Edgar,≤50
2001,Edwards,≤50
2001,Effingham,≤50
2001,Fayette,≤50
2001,Ford,≤50
2001,Franklin,≤50
2001,Fulton,≤50
2001,Gallatin,≤50
2001,Greene,≤50
2001,Grundy,≤50
2001,Hamilton,≤50
2001,Hancock,≤50
2001,Hardin,≤50
2001,Henderson,≤50
2001,Henry,≤50
2001,Iroquois,≤50
2001,Jackson,88
2001,Jasper,≤50
2001,Jefferson,≤50
2001,Jersey,≤50
2001,Jo Daviess,≤50
2001,Johnson,≤50
2001,Kane,597
2001,Kankakee,127
2001,Kendall,≤50
2001,Knox,79
2001,Lake,1272
2001,LaSalle,169
2001,Lawrence,≤50
2001,Lee,54
2001,Livingston,≤50
2001,Logan,≤50
2001,McDonough,≤50
2001,McHenry,510
2001,McLean,326
2001,Macon,215
2001,Macoupin,≤50
2001,Madison,539
2001,Marion,≤50
2001,Marshall,≤50
2001,Mason,≤50
2001,Massac,≤50
2001,Menard,≤50
2001,Mercer,≤50
2001,Monroe,≤50
2001,Montgomery,≤50
2001,Morgan,≤50
2001,Moultrie,≤50
2001,Ogle,84
2001,Peoria,435
2001,Perry,≤50
2001,Piatt,≤50
2001,Pike,≤50
2001,Pope,≤50
2001,Pulaski,≤50
2001,Putnam,≤50
2001,Randolph,≤50
2001,Richland,≤50
2001,Rock Island,≤50
2001,St. Clair,756
2001,Saline,≤50
2001,Sangamon,342
2001,Schuyler,≤50
2001,Scott,≤50
2001,Shelby,≤50
2001,Stark,≤50
2001,Stephenson,98
2001,Tazewell,206
2001,Union,≤50
2001,Vermilion,131
2001,Wabash,≤50
2001,Warren,≤50
2001,Washington,≤50
2001,Wayne,≤50
2001,White,≤50
2001,Whiteside,62
2001,Will,897
2001,Williamson,≤50
2001,Winnebago,800
2001,Woodford,≤50
2002,Adams,63
2002,Alexander,≤50
2002,Bond,≤50
2002,Boone,91
2002,Brown,≤50
2002,Bureau,55
2002,Calhoun,≤50
2002,Carroll,≤50
2002,Cass,≤50
2002,Champaign,437
2002,Christian,≤50
2002,Clark,≤50
2002,Clay,≤50
2002,Clinton,≤50
2002,Coles,95
2002,Cook,24739
2002,Crawford,≤50
2002,Cumberland,≤50
2002,DeKalb,192
2002,DeWitt,≤50
2002,Douglas,≤50
2002,DuPage,1989
2002,Edgar,≤50
2002,Edwards,≤50
2002,Effingham,≤50
2002,Fayette,≤50
2002,Ford,≤50
2002,Franklin,≤50
2002,Fulton,55
2002,Gallatin,≤50
2002,Greene,≤50
2002,Grundy,≤50
2002,Hamilton,≤50
2002,Hancock,≤50
2002,Hardin,≤50
2002,Henderson,≤50
2002,Henry,≤50
2002,Iroquois,≤50
2002,Jackson,111
2002,Jasper,≤50
2002,Jefferson,57
2002,Jersey,≤50
2002,Jo Daviess,≤50
2002,Johnson,≤50
2002,Kane,632
2002,Kankakee,125
2002,Kendall,55
2002,Knox,94
2002,Lake,1360
2002,LaSalle,160
2002,Lawrence,≤50
2002,Lee,≤50
2002,Livingston,≤50
2002,Logan,≤50
2002,McDonough,≤50
2002,McHenry,490
2002,McLean,328
2002,Macon,169
2002,Macoupin,≤50
2002,Madison,602
2002,Marion,60
2002,Marshall,≤50
2002,Mason,≤50
2002,Massac,≤50
2002,Menard,≤50
2002,Mercer,≤50
2002,Monroe,≤50
2002,Montgomery,≤50
2002,Morgan,≤50
2002,Moultrie,≤50
2002,Ogle,69
2002,Peoria,537
2002,Perry,≤50
2002,Piatt,≤50
2002,Pike,≤50
2002,Pope,≤50
2002,Pulaski,≤50
2002,Putnam,≤50
2002,Randolph,≤50
2002,Richland,≤50
2002,Rock Island,≤50
2002,St. Clair,815
2002,Saline,≤50
2002,Sangamon,362
2002,Schuyler,≤50
2002,Scott,≤50
2002,Shelby,≤50
2002,Stark,≤50
2002,Stephenson,74
2002,Tazewell,199
2002,Union,≤50
2002,Vermilion,110
2002,Wabash,≤50
2002,Warren,≤50
2002,Washington,≤50
2002,Wayne,≤50
2002,White,≤50
2002,Whiteside,60
2002,Will,986
2002,Williamson,74
2002,Winnebago,701
2002,Woodford,≤50
2003,Adams,57
2003,Alexander,58
2003,Bond,≤50
2003,Boone,78
2003,Brown,≤50
2003,Bureau,≤50
2003,Calhoun,≤50
2003,Carroll,≤50
2003,Cass,≤50
2003,Champaign,332
2003,Christian,≤50
2003,Clark,≤50
2003,Clay,≤50
2003,Clinton,≤50
2003,Coles,65
2003,Cook,21969
2003,Crawford,≤50
2003,Cumberland,≤50
2003,DeKalb,171
2003,DeWitt,≤50
2003,Douglas,≤50
2003,DuPage,2064
2003,Edgar,≤50
2003,Edwards,≤50
2003,Effingham,≤50
2003,Fayette,≤50
2003,Ford,≤50
2003,Franklin,≤50
2003,Fulton,≤50
2003,Gallatin,≤50
2003,Greene,≤50
2003,Grundy,≤50
2003,Hamilton,≤50
2003,Hancock,≤50
2003,Hardin,≤50
2003,Henderson,≤50
2003,Henry,51
2003,Iroquois,≤50
2003,Jackson,128
2003,Jasper,≤50
2003,Jefferson,≤50
2003,Jersey,≤50
2003,Jo Daviess,≤50
2003,Johnson,≤50
2003,Kane,612
2003,Kankakee,115
2003,Kendall,70
2003,Knox,89
2003,Lake,1248
2003,LaSalle,175
2003,Lawrence,≤50
2003,Lee,≤50
2003,Livingston,≤50
2003,Logan,≤50
2003,McDonough,52
2003,McHenry,451
2003,McLean,333
2003,Macon,153
2003,Macoupin,≤50
2003,Madison,642
2003,Marion,63
2003,Marshall,≤50
2003,Mason,≤50
2003,Massac,≤50
2003,Menard,≤50
2003,Mercer,≤50
2003,Monroe,≤50
2003,Montgomery,≤50
2003,Morgan,≤50
2003,Moultrie,≤50
2003,Ogle,74
2003,Peoria,561
2003,Perry,≤50
2003,Piatt,≤50
2003,Pike,≤50
2003,Pope,≤50
2003,Pulaski,≤50
2003,Putnam,≤50
2003,Randolph,≤50
2003,Richland,≤50
2003,Rock Island,≤50
2003,St. Clair,759
2003,Saline,≤50
2003,Sangamon,364
2003,Schuyler,≤50
2003,Scott,≤50
2003,Shelby,≤50
2003,Stark,≤50
2003,Stephenson,65
2003,Tazewell,175
2003,Union,≤50
2003,Vermilion,121
2003,Wabash,≤50
2003,Warren,≤50
2003,Washington,≤50
2003,Wayne,≤50
2003,White,≤50
2003,Whiteside,52
2003,Will,925
2003,Williamson,55
2003,Winnebago,631
2003,Woodford,≤50
2004,Adams,67
2004,Alexander,≤50
2004,Bond,≤50
2004,Boone,91
2004,Brown,≤50
2004,Bureau,≤50
2004,Calhoun,≤50
2004,Carroll,≤50
2004,Cass,≤50
2004,Champaign,450
2004,Christian,≤50
2004,Clark,≤50
2004,Clay,≤50
2004,Clinton,≤50
2004,Coles,82
2004,Cook,23462
2004,Crawford,≤50
2004,Cumberland,≤50
2004,DeKalb,167
2004,DeWitt,≤50
2004,Douglas,≤50
2004,DuPage,2032
2004,Edgar,≤50
2004,Edwards,≤50
2004,Effingham,≤50
2004,Fayette,≤50
2004,Ford,≤50
2004,Franklin,72
2004,Fulton,≤50
2004,Gallatin,≤50
2004,Greene,≤50
2004,Grundy,≤50
2004,Hamilton,≤50
2004,Hancock,≤50
2004,Hardin,≤50
2004,Henderson,≤50
2004,Henry,≤50
2004,Iroquois,≤50
2004,Jackson,126
2004,Jasper,≤50
2004,Jefferson,78
2004,Jersey,≤50
2004,Jo Daviess,≤50
2004,Johnson,≤50
2004,Kane,661
2004,Kankakee,85
2004,Kendall,55
2004,Knox,77
2004,Lake,1238
2004,LaSalle,174
2004,Lawrence,≤50
2004,Lee,≤50
2004,Livingston,≤50
2004,Logan,≤50
2004,McDonough,≤50
2004,McHenry,462
2004,McLean,277
2004,Macon,151
2004,Macoupin,≤50
2004,Madison,594
2004,Marion,56
2004,Marshall,≤50
2004,Mason,≤50
2004,Massac,≤50
2004,Menard,≤50
2004,Mercer,≤50
2004,Monroe,≤50
2004,Montgomery,≤50
2004,Morgan,≤50
2004,Moultrie,≤50
2004,Ogle,52
2004,Peoria,497
2004,Perry,≤50
2004,Piatt,≤50
2004,Pike,≤50
2004,Pope,≤50
2004,Pulaski,≤50
2004,Putnam,≤50
2004,Randolph,≤50
2004,Richland,≤50
2004,Rock Island,≤50
2004,St. Clair,748
2004,Saline,≤50
2004,Sangamon,358
2004,Schuyler,≤50
2004,Scott,≤50
2004,Shelby,≤50
2004,Stark,≤50
2004,Stephenson,52
2004,Tazewell,196
2004,Union,≤50
2004,Vermilion,118
2004,Wabash,≤50
2004,Warren,≤50
2004,Washington,≤50
2004,Wayne,≤50
2004,White,≤50
2004,Whiteside,≤50
2004,Will,985
2004,Williamson,67
2004,Winnebago,584
2004,Woodford,≤50
2005,Adams,58
2005,Alexander,≤50
2005,Bond,≤50
2005,Boone,82
2005,Brown,≤50
2005,Bureau,54
2005,Calhoun,≤50
2005,Carroll,≤50
2005,Cass,≤50
2005,Champaign,470
2005,Christian,≤50
2005,Clark,≤50
2005,Clay,≤50
2005,Clinton,≤50
2005,Coles,69
2005,Cook,22179
2005,Crawford,≤50
2005,Cumberland,≤50
2005,DeKalb,148
2005,DeWitt,≤50
2005,Douglas,≤50
2005,DuPage,1851
2005,Edgar,≤50
2005,Edwards,≤50
2005,Effingham,≤50
2005,Fayette,≤50
2005,Ford,≤50
2005,Franklin,≤50
2005,Fulton,≤50
2005,Gallatin,≤50
2005,Greene,≤50
2005,Grundy,≤50
2005,Hamilton,≤50
2005,Hancock,≤50
2005,Hardin,≤50
2005,Henderson,≤50
2005,Henry,≤50
2005,Iroquois,≤50
2005,Jackson,120
2005,Jasper,≤50
2005,Jefferson,108
2005,Jersey,≤50
2005,Jo Daviess,≤50
2005,Johnson,≤50
2005,Kane,733
2005,Kankakee,93
2005,Kendall,58
2005,Knox,62
2005,Lake,1207
2005,LaSalle,141
2005,Lawrence,≤50
2005,Lee,≤50
2005,Livingston,≤50
2005,Logan,≤50
2005,McDonough,≤50
2005,McHenry,486
2005,McLean,280
2005,Macon,155
2005,Macoupin,66
2005,Madison,523
2005,Marion,64
2005,Marshall,≤50
2005,Mason,≤50
2005,Massac,≤50
2005,Menard,≤50
2005,Mercer,≤50
2005,Monroe,≤50
2005,Montgomery,≤50
2005,Morgan,≤50
2005,Moultrie,≤50
2005,Ogle,57
2005,Peoria,498
2005,Perry,≤50
2005,Piatt,≤50
2005,Pike,≤50
2005,Pope,≤50
2005,Pulaski,≤50
2005,Putnam,≤50
2005,Randolph,≤50
2005,Richland,≤50
2005,Rock Island,≤50
2005,St. Clair,673
2005,Saline,≤50
2005,Sangamon,293
2005,Schuyler,≤50
2005,Scott,≤50
2005,Shelby,≤50
2005,Stark,≤50
2005,Stephenson,≤50
2005,Tazewell,180
2005,Union,≤50
2005,Vermilion,131
2005,Wabash,≤50
2005,Warren,≤50
2005,Washington,≤50
2005,Wayne,≤50
2005,White,≤50
2005,Whiteside,≤50
2005,Will,971
2005,Williamson,60
2005,Winnebago,528
2005,Woodford,≤50
2006,Adams,69
2006,Alexander,≤50
2006,Bond,≤50
2006,Boone,78
2006,Brown,≤50
2006,Bureau,60
2006,Calhoun,≤50
2006,Carroll,≤50
2006,Cass,≤50
2006,Champaign,425
2006,Christian,≤50
2006,Clark,≤50
2006,Clay,≤50
2006,Clinton,≤50
2006,Coles,58
2006,Cook,22691
2006,Crawford,≤50
2006,Cumberland,≤50
2006,DeKalb,160
2006,DeWitt,≤50
2006,Douglas,≤50
2006,DuPage,1831
2006,Edgar,≤50
2006,Edwards,≤50
2006,Effingham,≤50
2006,Fayette,≤50
2006,Ford,≤50
2006,Franklin,51
2006,Fulton,≤50
2006,Gallatin,≤50
2006,Greene,≤50
2006,Grundy,≤50
2006,Hamilton,≤50
2006,Hancock,≤50
2006,Hardin,≤50
2006,Henderson,≤50
2006,Henry,≤50
2006,Iroquois,≤50
2006,Jackson,92
2006,Jasper,≤50
2006,Jefferson,≤50
2006,Jersey,≤50
2006,Jo Daviess,≤50
2006,Johnson,≤50
2006,Kane,778
2006,Kankakee,109
2006,Kendall,80
2006,Knox,85
2006,Lake,1480
2006,LaSalle,173
2006,Lawrence,≤50
2006,Lee,≤50
2006,Livingston,≤50
2006,Logan,≤50
2006,McDonough,≤50
2006,McHenry,531
2006,McLean,352
2006,Macon,144
2006,Macoupin,≤50
2006,Madison,595
2006,Marion,57
2006,Marshall,≤50
2006,Mason,≤50
2006,Massac,≤50
2006,Menard,≤50
2006,Mercer,≤50
2006,Monroe,≤50
2006,Montgomery,≤50
2006,Morgan,≤50
2006,Moultrie,≤50
2006,Ogle,≤50
2006,Peoria,542
2006,Perry,≤50
2006,Piatt,≤50
2006,Pike,≤50
2006,Pope,≤50
2006,Pulaski,≤50
2006,Putnam,≤50
2006,Randolph,≤50
2006,Richland,≤50
2006,Rock Island,≤50
2006,St. Clair,705
2006,Saline,≤50
2006,Sangamon,357
2006,Schuyler,≤50
2006,Scott,≤50
2006,Shelby,≤50
2006,Stark,≤50
2006,Stephenson,74
2006,Tazewell,213
2006,Union,≤50
2006,Vermilion,112
2006,Wabash,≤50
2006,Warren,≤50
2006,Washington,≤50
2006,Wayne,≤50
2006,White,≤50
2006,Whiteside,≤50
2006,Will,892
2006,Williamson,75
2006,Winnebago,642
2006,Woodford,≤50
2007,Adams,58
2007,Alexander,≤50
2007,Bond,≤50
2007,Boone,82
2007,Brown,≤50
2007,Bureau,≤50
2007,Calhoun,≤50
2007,Carroll,≤50
2007,Cass,≤50
2007,Champaign,456
2007,Christian,≤50
2007,Clark,≤50
2007,Clay,≤50
2007,Clinton,≤50
2007,Coles,63
2007,Cook,22296
2007,Crawford,≤50
2007,Cumberland,≤50
2007,DeKalb,198
2007,DeWitt,≤50
2007,Douglas,≤50
2007,DuPage,1963
2007,Edgar,≤50
2007,Edwards,≤50
2007,Effingham,≤50
2007,Fayette,≤50
2007,Ford,≤50
2007,Franklin,51
2007,Fulton,≤50
2007,Gallatin,≤50
2007,Greene,≤50
2007,Grundy,≤50
2007,Hamilton,≤50
2007,Hancock,≤50
2007,Hardin,≤50
2007,Henderson,≤50
2007,Henry,≤50
2007,Iroquois,≤50
2007,Jackson,97
2007,Jasper,≤50
2007,Jefferson,57
2007,Jersey,≤50
2007,Jo Daviess,≤50
2007,Johnson,≤50
2007,Kane,832
2007,Kankakee,109
2007,Kendall,112
2007,Knox,71
2007,Lake,1591
2007,LaSalle,143
2007,Lawrence,≤50
2007,Lee,≤50
2007,Livingston,≤50
2007,Logan,≤50
2007,McDonough,≤50
2007,McHenry,564
2007,McLean,267
2007,Macon,150
2007,Macoupin,52
2007,Madison,586
2007,Marion,≤50
2007,Marshall,≤50
2007,Mason,≤50
2007,Massac,≤50
2007,Menard,≤50
2007,Mercer,≤50
2007,Monroe,≤50
2007,Montgomery,≤50
2007,Morgan,≤50
2007,Moultrie,≤50
2007,Ogle,56
2007,Peoria,478
2007,Perry,≤50
2007,Piatt,≤50
2007,Pike,≤50
2007,Pope,≤50
2007,Pulaski,≤50
2007,Putnam,≤50
2007,Randolph,≤50
2007,Richland,≤50
2007,Rock Island,≤50
2007,St. Clair,793
2007,Saline,≤50
2007,Sangamon,358
2007,Schuyler,≤50
2007,Scott,≤50
2007,Shelby,≤50
2007,Stark,≤50
2007,Stephenson,≤50
2007,Tazewell,145
2007,Union,≤50
2007,Vermilion,124
2007,Wabash,≤50
2007,Warren,≤50
2007,Washington,≤50
2007,Wayne,≤50
2007,White,≤50
2007,Whiteside,≤50
2007,Will,953
2007,Williamson,76
2007,Winnebago,623
2007,Woodford,≤50
2008,Adams,61
2008,Alexander,≤50
2008,Bond,≤50
2008,Boone,77
2008,Brown,≤50
2008,Bureau,≤50
2008,Calhoun,≤50
2008,Carroll,≤50
2008,Cass,≤50
2008,Champaign,468
2008,Christian,≤50
2008,Clark,≤50
2008,Clay,≤50
2008,Clinton,≤50
2008,Coles,57
2008,Cook,25529
2008,Crawford,≤50
2008,Cumberland,≤50
2008,DeKalb,207
2008,DeWitt,≤50
2008,Douglas,≤50
2008,DuPage,1941
2008,Edgar,≤50
2008,Edwards,≤50
2008,Effingham,≤50
2008,Fayette,≤50
2008,Ford,≤50
2008,Franklin,51
2008,Fulton,51
2008,Gallatin,≤50
2008,Greene,≤50
2008,Grundy,≤50
2008,Hamilton,≤50
2008,Hancock,≤50
2008,Hardin,≤50
2008,Henderson,≤50
2008,Henry,≤50
2008,Iroquois,≤50
2008,Jackson,168
2008,Jasper,≤50
2008,Jefferson,≤50
2008,Jersey,≤50
2008,Jo Daviess,≤50
2008,Johnson,≤50
2008,Kane,1145
2008,Kankakee,114
2008,Kendall,194
2008,Knox,72
2008,Lake,1599
2008,LaSalle,144
2008,Lawrence,≤50
2008,Lee,≤50
2008,Livingston,≤50
2008,Logan,≤50
2008,McDonough,55
2008,McHenry,562
2008,McLean,313
2008,Macon,139
2008,Macoupin,57
2008,Madison,593
2008,Marion,52
2008,Marshall,≤50
2008,Mason,≤50
2008,Massac,≤50
2008,Menard,≤50
2008,Mercer,≤50
2008,Monroe,≤50
2008,Montgomery,≤50
2008,Morgan,≤50
2008,Moultrie,≤50
2008,Ogle,69
2008,Peoria,666
2008,Perry,≤50
2008,Piatt,≤50
2008,Pike,≤50
2008,Pope,≤50
2008,Pulaski,≤50
2008,Putnam,≤50
2008,Randolph,≤50
2008,Richland,≤50
2008,Rock Island,≤50
2008,St. Clair,907
2008,Saline,≤50
2008,Sangamon,358
2008,Schuyler,≤50
2008,Scott,≤50
2008,Shelby,≤50
2008,Stark,≤50
2008,Stephenson,55
2008,Tazewell,229
2008,Union,≤50
2008,Vermilion,107
2008,Wabash,≤50
2008,Warren,≤50
2008,Washington,≤50
2008,Wayne,≤50
2008,White,≤50
2008,Whiteside,≤50
2008,Will,1161
2008,Williamson,74
2008,Winnebago,593
2008,Woodford,≤50
2009,Adams,61
2009,Alexander,≤50
2009,Bond,≤50
2009,Boone,97
2009,Brown,≤50
2009,Bureau,≤50
2009,Calhoun,≤50
2009,Carroll,≤50
2009,Cass,≤50
2009,Champaign,468
2009,Christian,≤50
2009,Clark,≤50
2009,Clay,≤50
2009,Clinton,≤50
2009,Coles,≤50
2009,Cook,25196
2009,Crawford,≤50
2009,Cumberland,≤50
2009,DeKalb,270
2009,Dewitt,≤50
2009,Douglas,≤50
2009,DuPage,2155
2009,Edgar,≤50
2009,Edwards,≤50
2009,Effingham,≤50
2009,Fayette,≤50
2009,Ford,≤50
2009,Franklin,≤50
2009,Fulton,≤50
2009,Gallatin,≤50
2009,Greene,≤50
2009,Grundy,51
2009,Hamilton,≤50
2009,Hancock,≤50
2009,Hardin,≤50
2009,Henderson,≤50
2009,Henry,≤50
2009,Iroquois,≤50
2009,Jackson,132
2009,Jasper,≤50
2009,Jefferson,≤50
2009,Jersey,≤50
2009,Jo Daviess,≤50
2009,Johnson,≤50
2009,Kane,1156
2009,Kankakee,123
2009,Kendall,222
2009,Knox,75
2009,Lake,1474
2009,LaSalle,174
2009,Lawrence,≤50
2009,Lee,≤50
2009,Livingston,≤50
2009,Logan,≤50
2009,McDonough,≤50
2009,McHenry,506
2009,McLean,246
2009,Macon,133
2009,Macoupin,≤50
2009,Madison,516
2009,Marion,72
2009,Marshall,≤50
2009,Mason,≤50
2009,Massac,≤50
2009,Menard,≤50
2009,Mercer,≤50
2009,Monroe,≤50
2009,Montgomery,≤50
2009,Morgan,≤50
2009,Moultrie,≤50
2009,Ogle,86
2009,Peoria,569
2009,Perry,≤50
2009,Piatt,≤50
2009,Pike,≤50
2009,Pope,≤50
2009,Pulaski,≤50
2009,Putnam,≤50
2009,Randolph,≤50
2009,Richland,≤50
2009,Rock Island,≤50
2009,St. Clair,732
2009,Saline,≤50
2009,Sangamon,299
2009,Schuyler,≤50
2009,Scott,≤50
2009,Shelby,≤50
2009,Stark,≤50
2009,Stephenson,56
2009,Tazewell,184
2009,Union,≤50
2009,Vermilion,101
2009,Wabash,≤50
2009,Warren,≤50
2009,Washington,≤50
2009,Wayne,≤50
2009,White,≤50
2009,Whiteside,≤50
2009,Will,1532
2009,Williamson,86
2009,Winnebago,511
2009,Woodford,≤50
2010,Adams,≤50
2010,Alexander,≤50
2010,Bond,≤50
2010,Boone,84
2010,Brown,≤50
2010,Bureau,≤50
2010,Calhoun,≤50
2010,Carroll,≤50
2010,Cass,≤50
2010,Champaign,287
2010,Christian,≤50
2010,Clark,≤50
2010,Clay,≤50
2010,Clinton,≤50
2010,Coles,≤50
2010,Cook,23840
2010,Crawford,≤50
2010,Cumberland,≤50
2010,DeKalb,241
2010,Dewitt,≤50
2010,Douglas,≤50
2010,DuPage,2030
2010,Edgar,≤50
2010,Edwards,≤50
2010,Effingham,≤50
2010,Fayette,≤50
2010,Ford,≤50
2010,Franklin,≤50
2010,Fulton,≤50
2010,Gallatin,≤50
2010,Greene,≤50
2010,Grundy,≤50
2010,Hamilton,≤50
2010,Hancock,≤50
2010,Hardin,≤50
2010,Henderson,≤50
2010,Henry,≤50
2010,Iroquois,≤50
2010,Jackson,135
2010,Jasper,≤50
2010,Jefferson,≤50
2010,Jersey,≤50
2010,Jo Daviess,≤50
2010,Johnson,≤50
2010,Kane,1157
2010,Kankakee,97
2010,Kendall,201
2010,Knox,58
2010,Lake,1398
2010,LaSalle,150
2010,Lawrence,≤50
2010,Lee,≤50
2010,Livingston,≤50
2010,Logan,≤50
2010,McDonough,≤50
2010,McHenry,483
2010,McLean,220
2010,Macon,107
2010,Macoupin,≤50
2010,Madison,527
2010,Marion,57
2010,Marshall,≤50
2010,Mason,≤50
2010,Massac,≤50
2010,Menard,≤50
2010,Mercer,≤50
2010,Monroe,≤50
2010,Montgomery,≤50
2010,Morgan,≤50
2010,Moultrie,≤50
2010,Ogle,68
2010,Peoria,433
2010,Perry,≤50
2010,Piatt,≤50
2010,Pike,≤50
2010,Pope,≤50
2010,Pulaski,≤50
2010,Putnam,≤50
2010,Randolph,≤50
2010,Richland,≤50
2010,Rock Island,≤50
2010,St. Clair,706
2010,Saline,≤50
2010,Sangamon,269
2010,Schuyler,≤50
2010,Scott,≤50
2010,Shelby,≤50
2010,Stark,≤50
2010,Stephenson,≤50
2010,Tazewell,154
2010,Union,≤50
2010,Vermilion,70
2010,Wabash,≤50
2010,Warren,≤50
2010,Washington,≤50
2010,Wayne,≤50
2010,White,≤50
2010,Whiteside,≤50
2010,Will,1480
2010,Williamson,77
2010,Winnebago,555
2010,Woodford,≤50
2011,Adams,≤50
2011,Alexander,≤50
2011,Bond,≤50
2011,Boone,73
2011,Brown,≤50
2011,Bureau,≤50
2011,Calhoun,≤50
2011,Carroll,≤50
2011,Cass,≤50
2011,Champaign,292
2011,Christian,≤50
2011,Clark,≤50
2011,Clay,≤50
2011,Clinton,≤50
2011,Coles,≤50
2011,Cook,24008
2011,Crawford,≤50
2011,Cumberland,≤50
2011,DeKalb,268
2011,Dewitt,≤50
2011,Douglas,≤50
2011,DuPage,1894
2011,Edgar,≤50
2011,Edwards,≤50
2011,Effingham,≤50
2011,Fayette,≤50
2011,Ford,≤50
2011,Franklin,≤50
2011,Fulton,≤50
2011,Gallatin,≤50
2011,Greene,≤50
2011,Grundy,≤50
2011,Hamilton,≤50
2011,Hancock,≤50
2011,Hardin,≤50
2011,Henderson,≤50
2011,Henry,≤50
2011,Iroquois,≤50
2011,Jackson,119
2011,Jasper,≤50
2011,Jefferson,≤50
2011,Jersey,≤50
2011,Jo Daviess,≤50
2011,Johnson,≤50
2011,Kane,1025
2011,Kankakee,139
2011,Kendall,202
2011,Knox,70
2011,Lake,1214
2011,LaSalle,125
2011,Lawrence,≤50
2011,Lee,≤50
2011,Livingston,≤50
2011,Logan,≤50
2011,McDonough,≤50
2011,McHenry,442
2011,McLean,255
2011,Macon,140
2011,Macoupin,≤50
2011,Madison,446
2011,Marion,56
2011,Marshall,≤50
2011,Mason,≤50
2011,Massac,≤50
2011,Menard,≤50
2011,Mercer,≤50
2011,Monroe,≤50
2011,Montgomery,≤50
2011,Morgan,≤50
2011,Moultrie,≤50
2011,Ogle,60
2011,Peoria,423
2011,Perry,≤50
2011,Piatt,≤50
2011,Pike,≤50
2011,Pope,≤50
2011,Pulaski,≤50
2011,Putnam,≤50
2011,Randolph,≤50
2011,Richland,≤50
2011,Rock Island,≤50
2011,St. Clair,637
2011,Saline,≤50
2011,Sangamon,379
2011,Schuyler,≤50
2011,Scott,≤50
2011,Shelby,≤50
2011,Stark,≤50
2011,Stephenson,≤50
2011,Tazewell,149
2011,Union,≤50
2011,Vermilion,92
2011,Wabash,≤50
2011,Warren,≤50
2011,Washington,≤50
2011,Wayne,≤50
2011,White,≤50
2011,Whiteside,≤50
2011,Will,1377
2011,Williamson,76
2011,Winnebago,472
2011,Woodford,≤50
2012,Adams,59
2012,Alexander,≤50
2012,Bond,≤50
2012,Boone,≤50
2012,Brown,≤50
2012,Bureau,≤50
2012,Calhoun,≤50
2012,Carroll,≤50
2012,Cass,≤50
2012,Champaign,181
2012,Christian,≤50
2012,Clark,≤50
2012,Clay,≤50
2012,Clinton,≤50
2012,Coles,≤50
2012,Cook,24899
2012,Crawford,≤50
2012,Cumberland,≤50
2012,DeKalb,253
2012,Dewitt,≤50
2012,Douglas,≤50
2012,DuPage,1989
2012,Edgar,≤50
2012,Edwards,≤50
2012,Effingham,≤50
2012,Fayette,≤50
2012,Ford,≤50
2012,Franklin,≤50
2012,Fulton,≤50
2012,Gallatin,≤50
2012,Greene,≤50
2012,Grundy,62
2012,Hamilton,≤50
2012,Hancock,≤50
2012,Hardin,≤50
2012,Henderson,≤50
2012,Henry,≤50
2012,Iroquois,≤50
2012,Jackson,111
2012,Jasper,≤50
2012,Jefferson,≤50
2012,Jersey,≤50
2012,Jo Daviess,≤50
2012,Johnson,≤50
2012,Kane,1295
2012,Kankakee,147
2012,Kendall,204
2012,Knox,81
2012,Lake,1283
2012,LaSalle,171
2012,Lawrence,≤50
2012,Lee,≤50
2012,Livingston,≤50
2012,Logan,≤50
2012,McDonough,≤50
2012,McHenry,486
2012,McLean,263
2012,Macon,147
2012,Macoupin,≤50
2012,Madison,480
2012,Marion,58
2012,Marshall,≤50
2012,Mason,≤50
2012,Massac,≤50
2012,Menard,≤50
2012,Mercer,≤50
2012,Monroe,≤50
2012,Montgomery,≤50
2012,Morgan,≤50
2012,Moultrie,≤50
2012,Ogle,59
2012,Peoria,553
2012,Perry,≤50
2012,Piatt,≤50
2012,Pike,≤50
2012,Pope,≤50
2012,Pulaski,≤50
2012,Putnam,≤50
2012,Randolph,≤50
2012,Richland,≤50
2012,Rock Island,≤50
2012,St. Clair,676
2012,Saline,≤50
2012,Sangamon,314
2012,Schuyler,≤50
2012,Scott,≤50
2012,Shelby,≤50
2012,Stark,≤50
2012,Stephenson,≤50
2012,Tazewell,152
2012,Union,≤50
2012,Vermilion,72
2012,Wabash,≤50
2012,Warren,≤50
2012,Washington,≤50
2012,Wayne,≤50
2012,White,≤50
2012,Whiteside,≤50
2012,Will,1538
2012,Williamson,55
2012,Winnebago,390
2012,Woodford,≤50
